"site","observers","date","start_time","weather","past_12_hours","site_notes","probe_depth","vwc_plot1","plot_1_period","vwc_plot2","plot_2_period","vwc_plot3","plot_3_period","vwc_plot4","plot_4_period","vwc_plot5","plot_5_period","vwc_plot6","plot_6_period"
"SS3-200","Tyler Rea, Ben Paulsen","9/5/2019","14:23","Unknown","Light rain, high 12 C, low 11 C","Burnt sb, shrubby, some living La/sb left from fire",6,-9999,-9999,-9999,-9999,"-9999","-9999",-9999,-9999,-9999,-9999,-9999,-9999
"SS3-200","Tyler Rea, Ben Paulsen","9/5/2019","14:23","Unknown","Light rain, high 12 C, low 11 C","Burnt sb, shrubby, some living La/sb left from fire",6,-9999,-9999,-9999,-9999,"-9999","-9999",-9999,-9999,-9999,-9999,-9999,-9999
"SS3-200","Tyler Rea, Ben Paulsen","9/5/2019","14:23","Unknown","Light rain, high 12 C, low 11 C","Burnt sb, shrubby, some living La/sb left from fire",6,-9999,-9999,-9999,-9999,"-9999","-9999",-9999,-9999,-9999,-9999,-9999,-9999
"SS3-200","Tyler Rea, Ben Paulsen","9/5/2019","14:23","Unknown","Light rain, high 12 C, low 11 C","Burnt sb, shrubby, some living La/sb left from fire",6,-9999,-9999,-9999,-9999,"-9999","-9999",-9999,-9999,-9999,-9999,-9999,-9999
"SS3-200","Tyler Rea, Ben Paulsen","9/5/2019","14:23","Unknown","Light rain, high 12 C, low 11 C","Burnt sb, shrubby, some living La/sb left from fire",6,-9999,-9999,-9999,-9999,"-9999","-9999",-9999,-9999,-9999,-9999,-9999,-9999
"SS3-200","Tyler Rea, Ben Paulsen","9/5/2019","14:23","Unknown","Light rain, high 12 C, low 11 C","Burnt sb, shrubby, some living La/sb left from fire",12,32.6,1.606,27.4,1.325,"6.6","1.207",44.1,1.815,26.5,1.512,-9999,-9999
"SS3-200","Tyler Rea, Ben Paulsen","9/5/2019","14:23","Unknown","Light rain, high 12 C, low 11 C","Burnt sb, shrubby, some living La/sb left from fire",12,54.8,2.079,42.6,1.785,"18.3","1.39",12.3,1.299,26.8,1.517,-9999,-9999
"SS3-200","Tyler Rea, Ben Paulsen","9/5/2019","14:23","Unknown","Light rain, high 12 C, low 11 C","Burnt sb, shrubby, some living La/sb left from fire",12,53.7,2.057,9.1,1.25,"2.3","1.127",17.8,1.383,2.6,1.134,-9999,-9999
"SS3-200","Tyler Rea, Ben Paulsen","9/5/2019","14:23","Unknown","Light rain, high 12 C, low 11 C","Burnt sb, shrubby, some living La/sb left from fire",12,5.7,1.19,13.3,1.316,"19.9","1.415",39.3,1.72,59.6,2.167,-9999,-9999
"SS3-200","Tyler Rea, Ben Paulsen","9/5/2019","14:23","Unknown","Light rain, high 12 C, low 11 C","Burnt sb, shrubby, some living La/sb left from fire",12,10.6,1.273,4.4,1.169,"71.3","2.291",46.6,1.871,46.8,1.873,-9999,-9999
"SS3-200","Tyler Rea, Ben Paulsen","9/5/2019","14:23","Unknown","Light rain, high 12 C, low 11 C","Burnt sb, shrubby, some living La/sb left from fire",20,48.3,2.991,2,1.614,"57.3","3.295",55.9,3.246,57.1,3.288,-9999,-9999
"SS3-200","Tyler Rea, Ben Paulsen","9/5/2019","14:23","Unknown","Light rain, high 12 C, low 11 C","Burnt sb, shrubby, some living La/sb left from fire",20,37.7,2.603,35.4,2.531,"27.6","2.317",55.4,3.229,65.3,3.499,-9999,-9999
"SS3-200","Tyler Rea, Ben Paulsen","9/5/2019","14:23","Unknown","Light rain, high 12 C, low 11 C","Burnt sb, shrubby, some living La/sb left from fire",20,56.5,3.266,26.9,2.301,"29.4","2.362",51.9,3.149,8.9,1.821,-9999,-9999
"SS3-200","Tyler Rea, Ben Paulsen","9/5/2019","14:23","Unknown","Light rain, high 12 C, low 11 C","Burnt sb, shrubby, some living La/sb left from fire",20,51.8,3.143,56.9,3.281,"35.9","2.548",51.9,3.147,58.9,3.466,-9999,-9999
"SS3-200","Tyler Rea, Ben Paulsen","9/5/2019","14:23","Unknown","Light rain, high 12 C, low 11 C","Burnt sb, shrubby, some living La/sb left from fire",20,46.8,2.929,54.8,3.204,"42.9","2.777",59.4,3.359,45.1,2.859,-9999,-9999
"VALSS3-205","Tyler Rea, Ben Paulsen","9/5/2019","14:00","Unknown","Light rain, high 12 C, low 11 C","",6,-9999,-9999,-9999,-9999,"-9999","-9999",-9999,-9999,-9999,-9999,-9999,-9999
"VALSS3-205","Tyler Rea, Ben Paulsen","9/5/2019","14:00","Unknown","Light rain, high 12 C, low 11 C","",6,-9999,-9999,-9999,-9999,"-9999","-9999",-9999,-9999,-9999,-9999,-9999,-9999
"VALSS3-205","Tyler Rea, Ben Paulsen","9/5/2019","14:00","Unknown","Light rain, high 12 C, low 11 C","",6,-9999,-9999,-9999,-9999,"-9999","-9999",-9999,-9999,-9999,-9999,-9999,-9999
"VALSS3-205","Tyler Rea, Ben Paulsen","9/5/2019","14:00","Unknown","Light rain, high 12 C, low 11 C","",6,-9999,-9999,-9999,-9999,"-9999","-9999",-9999,-9999,-9999,-9999,-9999,-9999
"VALSS3-205","Tyler Rea, Ben Paulsen","9/5/2019","14:00","Unknown","Light rain, high 12 C, low 11 C","",6,-9999,-9999,-9999,-9999,"-9999","-9999",-9999,-9999,-9999,-9999,-9999,-9999
"VALSS3-205","Tyler Rea, Ben Paulsen","9/5/2019","14:00","Unknown","Light rain, high 12 C, low 11 C","",12,5.5,1.189,6,1.057,"10.9","1.277",3.1,1.142,7,1.214,-9999,-9999
"VALSS3-205","Tyler Rea, Ben Paulsen","9/5/2019","14:00","Unknown","Light rain, high 12 C, low 11 C","",12,6.7,1.209,13.6,1.32,"3.8","1.156",4.6,1.171,15.6,1.349,-9999,-9999
"VALSS3-205","Tyler Rea, Ben Paulsen","9/5/2019","14:00","Unknown","Light rain, high 12 C, low 11 C","",12,29.4,1.556,4.8,1.173,"15.9","1.354",6.9,1.211,5.5,1.187,-9999,-9999
"VALSS3-205","Tyler Rea, Ben Paulsen","9/5/2019","14:00","Unknown","Light rain, high 12 C, low 11 C","",12,35,1.646,7.3,1.217,"11.9","1.293",44.4,1.822,6.4,1.205,-9999,-9999
"VALSS3-205","Tyler Rea, Ben Paulsen","9/5/2019","14:00","Unknown","Light rain, high 12 C, low 11 C","",12,40.6,1.745,10.3,1.268,"0.3","1.084",6,1.264,7.1,1.216,-9999,-9999
"VALSS3-205","Tyler Rea, Ben Paulsen","9/5/2019","14:00","Unknown","Light rain, high 12 C, low 11 C","",20,49.9,3.062,38.9,2.641,"26.9","2.291",48.4,2.996,42.6,2.767,-9999,-9999
"VALSS3-205","Tyler Rea, Ben Paulsen","9/5/2019","14:00","Unknown","Light rain, high 12 C, low 11 C","",20,50.7,3.096,35.9,2.546,"46.8","2.929",46.5,2.919,37.8,2.606,-9999,-9999
"VALSS3-205","Tyler Rea, Ben Paulsen","9/5/2019","14:00","Unknown","Light rain, high 12 C, low 11 C","",20,44.9,2.857,37.1,2.58,"37.9","2.605",34,2.489,32.2,2.438,-9999,-9999
"VALSS3-205","Tyler Rea, Ben Paulsen","9/5/2019","14:00","Unknown","Light rain, high 12 C, low 11 C","",20,49.3,3.037,17.5,2.045,"40.5","2.69",46.3,2.908,22.3,2.171,-9999,-9999
"VALSS3-205","Tyler Rea, Ben Paulsen","9/5/2019","14:00","Unknown","Light rain, high 12 C, low 11 C","",20,45.6,2.879,9.4,1.828,"28.3","2.329",32.9,2.456,39.6,2.663,-9999,-9999
"SS3-64","Tyler Rea, Ben Paulsen","9/5/2019","15:15","Unknown","Light rain, high 12 C, low 11 C","Burnt, treed fen",6,-9999,-9999,-9999,-9999,"-9999","-9999",-9999,-9999,-9999,-9999,-9999,-9999
"SS3-64","Tyler Rea, Ben Paulsen","9/5/2019","15:15","Unknown","Light rain, high 12 C, low 11 C","Burnt, treed fen",6,-9999,-9999,-9999,-9999,"-9999","-9999",-9999,-9999,-9999,-9999,-9999,-9999
"SS3-64","Tyler Rea, Ben Paulsen","9/5/2019","15:15","Unknown","Light rain, high 12 C, low 11 C","Burnt, treed fen",6,-9999,-9999,-9999,-9999,"-9999","-9999",-9999,-9999,-9999,-9999,-9999,-9999
"SS3-64","Tyler Rea, Ben Paulsen","9/5/2019","15:15","Unknown","Light rain, high 12 C, low 11 C","Burnt, treed fen",6,-9999,-9999,-9999,-9999,"-9999","-9999",-9999,-9999,-9999,-9999,-9999,-9999
"SS3-64","Tyler Rea, Ben Paulsen","9/5/2019","15:15","Unknown","Light rain, high 12 C, low 11 C","Burnt, treed fen",6,-9999,-9999,-9999,-9999,"-9999","-9999",-9999,-9999,-9999,-9999,-9999,-9999
"SS3-64","Tyler Rea, Ben Paulsen","9/5/2019","15:15","Unknown","Light rain, high 12 C, low 11 C","Burnt, treed fen",12,49.1,1.929,40.5,1.744,"48.6","1.918",46.6,1.867,37.5,37.5,46.7,1.871
"SS3-64","Tyler Rea, Ben Paulsen","9/5/2019","15:15","Unknown","Light rain, high 12 C, low 11 C","Burnt, treed fen",12,49.8,1.945,47.7,1.893,"36.2","1.666",49.4,1.933,33.8,33.8,35.8,1.638
"SS3-64","Tyler Rea, Ben Paulsen","9/5/2019","15:15","Unknown","Light rain, high 12 C, low 11 C","Burnt, treed fen",12,28.5,1.542,49.2,1.932,"8.9","1.247",46.9,1.877,35.8,35.8,28,1.535
"SS3-64","Tyler Rea, Ben Paulsen","9/5/2019","15:15","Unknown","Light rain, high 12 C, low 11 C","Burnt, treed fen",12,42,1.772,46.3,1.864,"52.5","2.029",41.8,1.768,46.1,46.1,45,1.834
"SS3-64","Tyler Rea, Ben Paulsen","9/5/2019","15:15","Unknown","Light rain, high 12 C, low 11 C","Burnt, treed fen",12,18.9,1.399,33.9,1.629,"39.8","1.732",33.7,1.623,42.3,42.3,46.8,1.875
"SS3-64","Tyler Rea, Ben Paulsen","9/5/2019","15:15","Unknown","Light rain, high 12 C, low 11 C","Burnt, treed fen",20,50.2,3.076,48,2.981,"51.8","3.147",48.3,2.992,48.9,48.9,51.5,3.134
"SS3-64","Tyler Rea, Ben Paulsen","9/5/2019","15:15","Unknown","Light rain, high 12 C, low 11 C","Burnt, treed fen",20,54.1,3.178,58.4,3.329,"57.3","3.297",51.6,3.134,51.9,51.9,53.8,3.167
"SS3-64","Tyler Rea, Ben Paulsen","9/5/2019","15:15","Unknown","Light rain, high 12 C, low 11 C","Burnt, treed fen",20,45.6,2.882,57.9,3.314,"43.1","2.785",56.4,3.264,49,49,54.1,3.176
"SS3-64","Tyler Rea, Ben Paulsen","9/5/2019","15:15","Unknown","Light rain, high 12 C, low 11 C","Burnt, treed fen",20,56.3,3.261,50.8,3.101,"54.3","3.194",51.4,3.125,44.8,44.8,48.9,3.02
"SS3-64","Tyler Rea, Ben Paulsen","9/5/2019","15:15","Unknown","Light rain, high 12 C, low 11 C","Burnt, treed fen",20,54.2,3.179,55.5,3.233,"56.8","3.278",54.3,3.187,51.9,51.9,55,3.213
"SS3-65","Tyler Rea, Ben Paulsen","9/5/2019","14:54","Unknown","Light rain, high 12 C, low 11 C","open shrubby fen",6,-9999,-9999,-9999,-9999,"-9999","-9999",-9999,-9999,-9999,-9999,-9999,-9999
"SS3-65","Tyler Rea, Ben Paulsen","9/5/2019","14:54","Unknown","Light rain, high 12 C, low 11 C","open shrubby fen",6,-9999,-9999,-9999,-9999,"-9999","-9999",-9999,-9999,-9999,-9999,-9999,-9999
"SS3-65","Tyler Rea, Ben Paulsen","9/5/2019","14:54","Unknown","Light rain, high 12 C, low 11 C","open shrubby fen",6,-9999,-9999,-9999,-9999,"-9999","-9999",-9999,-9999,-9999,-9999,-9999,-9999
"SS3-65","Tyler Rea, Ben Paulsen","9/5/2019","14:54","Unknown","Light rain, high 12 C, low 11 C","open shrubby fen",6,-9999,-9999,-9999,-9999,"-9999","-9999",-9999,-9999,-9999,-9999,-9999,-9999
"SS3-65","Tyler Rea, Ben Paulsen","9/5/2019","14:54","Unknown","Light rain, high 12 C, low 11 C","open shrubby fen",6,-9999,-9999,-9999,-9999,"-9999","-9999",-9999,-9999,-9999,-9999,-9999,-9999
"SS3-65","Tyler Rea, Ben Paulsen","9/5/2019","14:54","Unknown","Light rain, high 12 C, low 11 C","open shrubby fen",12,9.9,1.264,50.3,1.964,"34.2","1.632",5.8,1.194,29.1,1.551,38.8,1.712
"SS3-65","Tyler Rea, Ben Paulsen","9/5/2019","14:54","Unknown","Light rain, high 12 C, low 11 C","open shrubby fen",12,46.7,1.871,41.4,1.762,"38.5","1.707",37.6,1.689,46.3,1.862,36.9,1.677
"SS3-65","Tyler Rea, Ben Paulsen","9/5/2019","14:54","Unknown","Light rain, high 12 C, low 11 C","open shrubby fen",12,36.4,1.669,35.3,1.65,"6.2","1.199",35.9,1.661,34.8,1.642,49.5,1.938
"SS3-65","Tyler Rea, Ben Paulsen","9/5/2019","14:54","Unknown","Light rain, high 12 C, low 11 C","open shrubby fen",12,39.5,1.725,51.1,1.343,"18.7","1.396",33.6,1.623,41.5,1.763,40.1,1.735
"SS3-65","Tyler Rea, Ben Paulsen","9/5/2019","14:54","Unknown","Light rain, high 12 C, low 11 C","open shrubby fen",12,39.5,1.725,46.8,1.875,"15.2","1.344",42.7,1.786,48.7,1.92,28.5,1.542
"SS3-65","Tyler Rea, Ben Paulsen","9/5/2019","14:54","Unknown","Light rain, high 12 C, low 11 C","open shrubby fen",20,53.8,3.165,44.7,2.844,"47","2.938",39.9,2.674,51.2,3.118,54.3,3.184
"SS3-65","Tyler Rea, Ben Paulsen","9/5/2019","14:54","Unknown","Light rain, high 12 C, low 11 C","open shrubby fen",20,52.1,3.158,44.8,2.847,"49.1","3.029",39,2.647,49.2,3.03,51.9,3.151
"SS3-65","Tyler Rea, Ben Paulsen","9/5/2019","14:54","Unknown","Light rain, high 12 C, low 11 C","open shrubby fen",20,50.3,3.079,49.5,3.043,"45","2.827",38.9,2.643,50.4,3.083,56.8,3.278
"SS3-65","Tyler Rea, Ben Paulsen","9/5/2019","14:54","Unknown","Light rain, high 12 C, low 11 C","open shrubby fen",20,51.6,3.138,47.5,2.959,"50.8","3.1",38.1,2.617,56.8,3.279,56.2,3.256
"SS3-65","Tyler Rea, Ben Paulsen","9/5/2019","14:54","Unknown","Light rain, high 12 C, low 11 C","open shrubby fen",20,19.7,2.103,56.9,3.286,"47.9","2.976",27.9,2.325,48.7,3.011,48.8,3.013
"SS50-120","Tyler Rea, Ben Paulsen","9/5/2019","12:56","Unknown","Light rain, high 12 C, low 11 C","regenerating mixed P; burn; lots of rocks blocking probs; couldn’t get all; 5 flag out of place from animal - put in close as possibel to coordinates; no coordinates for 4",6,-9999,-9999,-9999,-9999,"-9999","-9999",-9999,-9999,-9999,-9999,-9999,-9999
"SS50-120","Tyler Rea, Ben Paulsen","9/5/2019","12:56","Unknown","Light rain, high 12 C, low 11 C","regenerating mixed P; burn; lots of rocks blocking probs; couldn’t get all; 5 flag out of place from animal - put in close as possibel to coordinates; no coordinates for 4",6,-9999,-9999,-9999,-9999,"-9999","-9999",-9999,-9999,-9999,-9999,-9999,-9999
"SS50-120","Tyler Rea, Ben Paulsen","9/5/2019","12:56","Unknown","Light rain, high 12 C, low 11 C","regenerating mixed P; burn; lots of rocks blocking probs; couldn’t get all; 5 flag out of place from animal - put in close as possibel to coordinates; no coordinates for 4",6,-9999,-9999,-9999,-9999,"-9999","-9999",-9999,-9999,-9999,-9999,-9999,-9999
"SS50-120","Tyler Rea, Ben Paulsen","9/5/2019","12:56","Unknown","Light rain, high 12 C, low 11 C","regenerating mixed P; burn; lots of rocks blocking probs; couldn’t get all; 5 flag out of place from animal - put in close as possibel to coordinates; no coordinates for 4",6,-9999,-9999,-9999,-9999,"-9999","-9999",-9999,-9999,-9999,-9999,-9999,-9999
"SS50-120","Tyler Rea, Ben Paulsen","9/5/2019","12:56","Unknown","Light rain, high 12 C, low 11 C","regenerating mixed P; burn; lots of rocks blocking probs; couldn’t get all; 5 flag out of place from animal - put in close as possibel to coordinates; no coordinates for 4",6,-9999,-9999,-9999,-9999,"-9999","-9999",-9999,-9999,-9999,-9999,-9999,-9999
"SS50-120","Tyler Rea, Ben Paulsen","9/5/2019","12:56","Unknown","Light rain, high 12 C, low 11 C","regenerating mixed P; burn; lots of rocks blocking probs; couldn’t get all; 5 flag out of place from animal - put in close as possibel to coordinates; no coordinates for 4",12,5.4,1.184,11,1.282,"9.7","1.26",-9999,-9999,5.7,1.189,4.8,1.173
"SS50-120","Tyler Rea, Ben Paulsen","9/5/2019","12:56","Unknown","Light rain, high 12 C, low 11 C","regenerating mixed P; burn; lots of rocks blocking probs; couldn’t get all; 5 flag out of place from animal - put in close as possibel to coordinates; no coordinates for 4",12,7.8,1.226,12.9,1.312,"7.8","1.231",-9999,-9999,8.3,1.237,3.9,1.157
"SS50-120","Tyler Rea, Ben Paulsen","9/5/2019","12:56","Unknown","Light rain, high 12 C, low 11 C","regenerating mixed P; burn; lots of rocks blocking probs; couldn’t get all; 5 flag out of place from animal - put in close as possibel to coordinates; no coordinates for 4",12,7.5,1.224,14,1.327,"4.6","1.171",-9999,-9999,7.3,1.218,3.9,1.158
"SS50-120","Tyler Rea, Ben Paulsen","9/5/2019","12:56","Unknown","Light rain, high 12 C, low 11 C","regenerating mixed P; burn; lots of rocks blocking probs; couldn’t get all; 5 flag out of place from animal - put in close as possibel to coordinates; no coordinates for 4",12,4.8,1.172,10.4,1.273,"16.4","1.363",-9999,-9999,6.8,1.208,3.6,1.151
"SS50-120","Tyler Rea, Ben Paulsen","9/5/2019","12:56","Unknown","Light rain, high 12 C, low 11 C","regenerating mixed P; burn; lots of rocks blocking probs; couldn’t get all; 5 flag out of place from animal - put in close as possibel to coordinates; no coordinates for 4",12,8,1.231,9.4,1.257,"20.3","1.421",-9999,-9999,5.9,1.195,5.3,1.182
"SS50-120","Tyler Rea, Ben Paulsen","9/5/2019","12:56","Unknown","Light rain, high 12 C, low 11 C","regenerating mixed P; burn; lots of rocks blocking probs; couldn’t get all; 5 flag out of place from animal - put in close as possibel to coordinates; no coordinates for 4",20,8.4,1.797,-9999,-9999,"16.9","2.047",-9999,-9999,15.9,1.977,18.8,2.106
"SS50-120","Tyler Rea, Ben Paulsen","9/5/2019","12:56","Unknown","Light rain, high 12 C, low 11 C","regenerating mixed P; burn; lots of rocks blocking probs; couldn’t get all; 5 flag out of place from animal - put in close as possibel to coordinates; no coordinates for 4",20,6.8,1.748,-9999,-9999,"16","2.031",-9999,-9999,13.9,1.949,6.9,1.754
"SS50-120","Tyler Rea, Ben Paulsen","9/5/2019","12:56","Unknown","Light rain, high 12 C, low 11 C","plot 1 = too many course fragments; regenerating mixed P; burn; lots of rocks blocking probs; couldn’t get all; 5 flag out of place from animal - put in close as possibel to coordinates; no coordinates for 4",20,-9999,-9999,-9999,-9999,"12.8","1.93",-9999,-9999,12.9,1.934,9.8,1.846
"SS50-120","Tyler Rea, Ben Paulsen","9/5/2019","12:56","Unknown","Light rain, high 12 C, low 11 C","plot 1 = too many course fragments; regenerating mixed P; burn; lots of rocks blocking probs; couldn’t get all; 5 flag out of place from animal - put in close as possibel to coordinates; no coordinates for 5",20,-9999,-9999,-9999,-9999,"15.9","2.041",-9999,-9999,9.6,1.841,8.3,1.789
"SS50-120","Tyler Rea, Ben Paulsen","9/5/2019","12:56","Unknown","Light rain, high 12 C, low 11 C","plot 1 = too many course fragments; regenerating mixed P; burn; lots of rocks blocking probs; couldn’t get all; 5 flag out of place from animal - put in close as possibel to coordinates; no coordinates for 6",20,-9999,-9999,-9999,-9999,"15.2","2.011",-9999,-9999,8.7,1.803,5.6,1.724
"SS50-200","Tyler Rea, Ben Paulsen","9/5/2019","11:43","light breeze, partial clouds","Light rain, high 12 C, low 11 C","",6,-9999,-9999,-9999,-9999,"-9999","-9999",-9999,-9999,-9999,-9999,-9999,-9999
"SS50-200","Tyler Rea, Ben Paulsen","9/5/2019","11:43","light breeze, partial clouds","Light rain, high 12 C, low 11 C","",6,-9999,-9999,-9999,-9999,"-9999","-9999",-9999,-9999,-9999,-9999,-9999,-9999
"SS50-200","Tyler Rea, Ben Paulsen","9/5/2019","11:43","light breeze, partial clouds","Light rain, high 12 C, low 11 C","",6,-9999,-9999,-9999,-9999,"-9999","-9999",-9999,-9999,-9999,-9999,-9999,-9999
"SS50-200","Tyler Rea, Ben Paulsen","9/5/2019","11:43","light breeze, partial clouds","Light rain, high 12 C, low 11 C","",6,-9999,-9999,-9999,-9999,"-9999","-9999",-9999,-9999,-9999,-9999,-9999,-9999
"SS50-200","Tyler Rea, Ben Paulsen","9/5/2019","11:43","light breeze, partial clouds","Light rain, high 12 C, low 11 C","",6,-9999,-9999,-9999,-9999,"-9999","-9999",-9999,-9999,-9999,-9999,-9999,-9999
"SS50-200","Tyler Rea, Ben Paulsen","9/5/2019","11:43","light breeze, partial clouds","Light rain, high 12 C, low 11 C","",12,62.6,2.201,53.6,2.051,"54.2","2.067",50.4,1.954,62.9,2.201,42.9,1.788
"SS50-200","Tyler Rea, Ben Paulsen","9/5/2019","11:43","light breeze, partial clouds","Light rain, high 12 C, low 11 C","",12,76.5,2.319,37.5,1.688,"63.9","2.226",38.8,1.709,54.9,2.076,25.9,1.503
"SS50-200","Tyler Rea, Ben Paulsen","9/5/2019","11:43","light breeze, partial clouds","Light rain, high 12 C, low 11 C","",12,51.9,2.011,26.8,1.517,"32.8","1.608",20,1.417,52.1,2.014,26,1.505
"SS50-200","Tyler Rea, Ben Paulsen","9/5/2019","11:43","light breeze, partial clouds","Light rain, high 12 C, low 11 C","",12,63.1,2.207,33.5,1.619,"35.6","1.655",42.5,1.779,57.3,2.121,47.6,1.889
"SS50-200","Tyler Rea, Ben Paulsen","9/5/2019","11:43","light breeze, partial clouds","Light rain, high 12 C, low 11 C","",12,51.3,1.978,11.4,1.287,"51.5","2.005",8.9,1.251,53.7,2.048,38.1,1.698
"SS50-200","Tyler Rea, Ben Paulsen","9/5/2019","11:43","light breeze, partial clouds","Light rain, high 12 C, low 11 C","",20,60.4,3.389,25.1,2.258,"59.5","3.364",48.5,3.005,60.8,3.399,40.4,2.697
"SS50-200","Tyler Rea, Ben Paulsen","9/5/2019","11:43","light breeze, partial clouds","Light rain, high 12 C, low 11 C","",20,63.8,3.468,50.7,3.096,"47.9","2.975",50.7,3.099,59.2,3.257,49.5,3.044
"SS50-200","Tyler Rea, Ben Paulsen","9/5/2019","11:43","light breeze, partial clouds","Light rain, high 12 C, low 11 C","",20,68.3,3.553,47.1,2.944,"53.9","3.168",51.3,3.124,58.4,3.332,35.9,2.561
"SS50-200","Tyler Rea, Ben Paulsen","9/5/2019","11:43","light breeze, partial clouds","Light rain, high 12 C, low 11 C","",20,77.8,3.678,59.5,3.361,"71.8","3.607",57.9,3.317,55.3,3.226,42.4,2.769
"SS50-200","Tyler Rea, Ben Paulsen","9/5/2019","11:43","light breeze, partial clouds","Light rain, high 12 C, low 11 C","",20,74.8,3.643,66.6,3.523,"65.8","3.509",58.3,3.329,73.8,3.632,60.3,3.384
"SS50-3","Tyler Rea, Ben Paulsen","9/5/2019","13:27","Unknown","Light rain, high 12 C, low 11 C","burnt Pj/Sb; grassy/shrubby",6,-9999,-9999,-9999,-9999,"-9999","-9999",-9999,-9999,-9999,-9999,-9999,-9999
"SS50-3","Tyler Rea, Ben Paulsen","9/5/2019","13:27","Unknown","Light rain, high 12 C, low 11 C","burnt Pj/Sb; grassy/shrubby",6,-9999,-9999,-9999,-9999,"-9999","-9999",-9999,-9999,-9999,-9999,-9999,-9999
"SS50-3","Tyler Rea, Ben Paulsen","9/5/2019","13:27","Unknown","Light rain, high 12 C, low 11 C","burnt Pj/Sb; grassy/shrubby",6,-9999,-9999,-9999,-9999,"-9999","-9999",-9999,-9999,-9999,-9999,-9999,-9999
"SS50-3","Tyler Rea, Ben Paulsen","9/5/2019","13:27","Unknown","Light rain, high 12 C, low 11 C","burnt Pj/Sb; grassy/shrubby",6,-9999,-9999,-9999,-9999,"-9999","-9999",-9999,-9999,-9999,-9999,-9999,-9999
"SS50-3","Tyler Rea, Ben Paulsen","9/5/2019","13:27","Unknown","Light rain, high 12 C, low 11 C","burnt Pj/Sb; grassy/shrubby",6,-9999,-9999,-9999,-9999,"-9999","-9999",-9999,-9999,-9999,-9999,-9999,-9999
"SS50-3","Tyler Rea, Ben Paulsen","9/5/2019","13:27","Unknown","Light rain, high 12 C, low 11 C","burnt Pj/Sb; grassy/shrubby",12,14.1,1.328,23.2,1.464,"6.9","1.213",28.8,1.546,36.7,1.665,-9999,-9999
"SS50-3","Tyler Rea, Ben Paulsen","9/5/2019","13:27","Unknown","Light rain, high 12 C, low 11 C","burnt Pj/Sb; grassy/shrubby",12,15.8,1.354,20.9,1.431,"29.1","1.551",50.5,1.962,36.3,1.666,-9999,-9999
"SS50-3","Tyler Rea, Ben Paulsen","9/5/2019","13:27","Unknown","Light rain, high 12 C, low 11 C","burnt Pj/Sb; grassy/shrubby",12,27.6,1.528,38.5,1.704,"34.9","1.645",47.8,1.894,45.9,1.85,-9999,-9999
"SS50-3","Tyler Rea, Ben Paulsen","9/5/2019","13:27","Unknown","Light rain, high 12 C, low 11 C","burnt Pj/Sb; grassy/shrubby",12,32.3,1.601,51.2,1.975,"3.1","1.143",48.5,1.91,53.5,2.048,-9999,-9999
"SS50-3","Tyler Rea, Ben Paulsen","9/5/2019","13:27","Unknown","Light rain, high 12 C, low 11 C","burnt Pj/Sb; grassy/shrubby",12,43.8,1.809,51.4,1.979,"4.6","1.171",50,1.947,57.6,2.1529,-9999,-9999
"SS50-3","Tyler Rea, Ben Paulsen","9/5/2019","13:27","Unknown","Light rain, high 12 C, low 11 C","burnt Pj/Sb; grassy/shrubby",20,45.8,2.893,55.1,3.219,"rocks","rocks",41.2,2.728,62.7,3.445,-9999,-9999
"SS50-3","Tyler Rea, Ben Paulsen","9/5/2019","13:27","Unknown","Light rain, high 12 C, low 11 C","burnt Pj/Sb; grassy/shrubby",20,38.6,2.638,56.3,3.263,"rocks","rocks",37.7,2.613,60.5,3.319,-9999,-9999
"SS50-3","Tyler Rea, Ben Paulsen","9/5/2019","13:27","Unknown","Light rain, high 12 C, low 11 C","burnt Pj/Sb; grassy/shrubby",20,30.8,2.403,51.3,3.124,"rocks","rocks",38.6,2.641,51.8,3.147,-9999,-9999
"SS50-3","Tyler Rea, Ben Paulsen","9/5/2019","13:27","Unknown","Light rain, high 12 C, low 11 C","burnt Pj/Sb; grassy/shrubby",20,46.3,2.911,44.9,2.861,"rocks","rocks",42.7,2.778,47.6,2.968,-9999,-9999
"SS50-3","Tyler Rea, Ben Paulsen","9/5/2019","13:27","Unknown","Light rain, high 12 C, low 11 C","burnt Pj/Sb; grassy/shrubby",20,48.2,2.989,48.5,3.004,"rocks","rocks",48.1,2.987,55.2,3.221,-9999,-9999
"SS50-7","Tyler Rea, Ben Paulsen","9/5/2019","10:55","Partially cloudy","Light rain, high 12 C, low 11 C","Burnt fen; sparsly treed (dead); fully saturated; Could not find flag 3",6,-9999,-9999,-9999,-9999,"-9999","-9999",-9999,-9999,-9999,-9999,-9999,-9999
"SS50-7","Tyler Rea, Ben Paulsen","9/5/2019","10:55","Partially cloudy","Light rain, high 12 C, low 11 C","Burnt fen; sparsly treed (dead); fully saturated; Could not find flag 3",6,-9999,-9999,-9999,-9999,"-9999","-9999",-9999,-9999,-9999,-9999,-9999,-9999
"SS50-7","Tyler Rea, Ben Paulsen","9/5/2019","10:55","Partially cloudy","Light rain, high 12 C, low 11 C","Burnt fen; sparsly treed (dead); fully saturated; Could not find flag 3",6,-9999,-9999,-9999,-9999,"-9999","-9999",-9999,-9999,-9999,-9999,-9999,-9999
"SS50-7","Tyler Rea, Ben Paulsen","9/5/2019","10:55","Partially cloudy","Light rain, high 12 C, low 11 C","Burnt fen; sparsly treed (dead); fully saturated; Could not find flag 3",6,-9999,-9999,-9999,-9999,"-9999","-9999",-9999,-9999,-9999,-9999,-9999,-9999
"SS50-7","Tyler Rea, Ben Paulsen","9/5/2019","10:55","Partially cloudy","Light rain, high 12 C, low 11 C","Burnt fen; sparsly treed (dead); fully saturated; Could not find flag 3",6,-9999,-9999,-9999,-9999,"-9999","-9999",-9999,-9999,-9999,-9999,-9999,-9999
"SS50-7","Tyler Rea, Ben Paulsen","9/5/2019","10:55","Partially cloudy","Light rain, high 12 C, low 11 C","Burnt fen; sparsly treed (dead); fully saturated; Could not find flag 3",12,86.7,2.383,80.4,2.348,"-9999","-9999",91.9,2.399,82.1,2.359,72.6,2.301
"SS50-7","Tyler Rea, Ben Paulsen","9/5/2019","10:55","Partially cloudy","Light rain, high 12 C, low 11 C","Burnt fen; sparsly treed (dead); fully saturated; Could not find flag 3",12,81.7,2.359,88.8,2.388,"-9999","-9999",90.8,2.396,58,2.139,67.1,2.255
"SS50-7","Tyler Rea, Ben Paulsen","9/5/2019","10:55","Partially cloudy","Light rain, high 12 C, low 11 C","Burnt fen; sparsly treed (dead); fully saturated; Could not find flag 3",12,87.8,2.387,77.8,2.335,"-9999","-9999",89.1,2.389,54.9,2.079,56.2,2.105
"SS50-7","Tyler Rea, Ben Paulsen","9/5/2019","10:55","Partially cloudy","Light rain, high 12 C, low 11 C","Burnt fen; sparsly treed (dead); fully saturated; Could not find flag 3",12,95.7,2.417,91.6,2.402,"-9999","-9999",88.4,2.386,14.9,1.34,59.9,2.17
"SS50-7","Tyler Rea, Ben Paulsen","9/5/2019","10:55","Partially cloudy","Light rain, high 12 C, low 11 C","Burnt fen; sparsly treed (dead); fully saturated; Could not find flag 3",12,94.7,2.414,89.4,2.388,"-9999","-9999",87.8,2.383,61.4,2.187,51.7,2.007
"SS50-7","Tyler Rea, Ben Paulsen","9/5/2019","10:55","Partially cloudy","Light rain, high 12 C, low 11 C","Burnt fen; sparsly treed (dead); fully saturated; Could not find flag 3",20,92.8,3.817,92.7,3.814,"-9999","-9999",89.2,3.788,67.9,3.546,59.5,3.306
"SS50-7","Tyler Rea, Ben Paulsen","9/5/2019","10:55","Partially cloudy","Light rain, high 12 C, low 11 C","Burnt fen; sparsly treed (dead); fully saturated; Could not find flag 3",20,99.9,3.866,84.8,3.753,"-9999","-9999",97.8,3.851,49.7,3.055,65.5,3.503
"SS50-7","Tyler Rea, Ben Paulsen","9/5/2019","10:55","Partially cloudy","Light rain, high 12 C, low 11 C","Burnt fen; sparsly treed (dead); fully saturated; Could not find flag 3",20,93.4,3.821,83.9,3.743,"-9999","-9999",95.5,3.834,62.5,3.441,61.3,3.411
"SS50-7","Tyler Rea, Ben Paulsen","9/5/2019","10:55","Partially cloudy","Light rain, high 12 C, low 11 C","Burnt fen; sparsly treed (dead); fully saturated; Could not find flag 3",20,86.1,3.764,79.4,3.699,"-9999","-9999",94.2,3.826,66.5,3.521,90.9,3.801
"SS50-7","Tyler Rea, Ben Paulsen","9/5/2019","10:55","Partially cloudy","Light rain, high 12 C, low 11 C","Burnt fen; sparsly treed (dead); fully saturated; Could not find flag 3",20,88.6,3.784,87.8,3.777,"-9999","-9999",97.1,3.846,86,3.762,84.6,3.748
"VALSS50-4","Tyler Rea, Ben Paulsen","9/5/2019","12:21","Unknown","Light rain, high 12 C, low 11 C","no flags - used coordinates; Sb, La, and Pj- transition to lowland Sb; unburnt",6,-9999,-9999,-9999,-9999,"-9999","-9999",-9999,-9999,-9999,-9999,-9999,-9999
"VALSS50-4","Tyler Rea, Ben Paulsen","9/5/2019","12:21","Unknown","Light rain, high 12 C, low 11 C","no flags - used coordinates; Sb, La, and Pj- transition to lowland Sb; unburnt",6,-9999,-9999,-9999,-9999,"-9999","-9999",-9999,-9999,-9999,-9999,-9999,-9999
"VALSS50-4","Tyler Rea, Ben Paulsen","9/5/2019","12:21","Unknown","Light rain, high 12 C, low 11 C","no flags - used coordinates; Sb, La, and Pj- transition to lowland Sb; unburnt",6,-9999,-9999,-9999,-9999,"-9999","-9999",-9999,-9999,-9999,-9999,-9999,-9999
"VALSS50-4","Tyler Rea, Ben Paulsen","9/5/2019","12:21","Unknown","Light rain, high 12 C, low 11 C","no flags - used coordinates; Sb, La, and Pj- transition to lowland Sb; unburnt",6,-9999,-9999,-9999,-9999,"-9999","-9999",-9999,-9999,-9999,-9999,-9999,-9999
"VALSS50-4","Tyler Rea, Ben Paulsen","9/5/2019","12:21","Unknown","Light rain, high 12 C, low 11 C","no flags - used coordinates; Sb, La, and Pj- transition to lowland Sb; unburnt",6,-9999,-9999,-9999,-9999,"-9999","-9999",-9999,-9999,-9999,-9999,-9999,-9999
"VALSS50-4","Tyler Rea, Ben Paulsen","9/5/2019","12:21","Unknown","Light rain, high 12 C, low 11 C","no flags - used coordinates; Sb, La, and Pj- transition to lowland Sb; unburnt",12,4.2,1.163,0.9,1.096,"18.3","1.39",1.8,1.116,2.7,1.134,-9999,-9999
"VALSS50-4","Tyler Rea, Ben Paulsen","9/5/2019","12:21","Unknown","Light rain, high 12 C, low 11 C","no flags - used coordinates; Sb, La, and Pj- transition to lowland Sb; unburnt",12,7.1,1.215,4.2,1.163,"29.9","1.563",6,1.197,3.6,1.151,-9999,-9999
"VALSS50-4","Tyler Rea, Ben Paulsen","9/5/2019","12:21","Unknown","Light rain, high 12 C, low 11 C","no flags - used coordinates; Sb, La, and Pj- transition to lowland Sb; unburnt",12,4.2,1.164,13.9,1.325,"31.4","1.587",6.1,1.199,2.8,1.137,-9999,-9999
"VALSS50-4","Tyler Rea, Ben Paulsen","9/5/2019","12:21","Unknown","Light rain, high 12 C, low 11 C","no flags - used coordinates; Sb, La, and Pj- transition to lowland Sb; unburnt",12,4.9,1.177,4.8,1.174,"15.9","1.355",7.3,1.218,2.9,1.139,-9999,-9999
"VALSS50-4","Tyler Rea, Ben Paulsen","9/5/2019","12:21","Unknown","Light rain, high 12 C, low 11 C","no flags - used coordinates; Sb, La, and Pj- transition to lowland Sb; unburnt",12,9.9,1.262,7.1,1.215,"13.9","1.325",6.1,1.198,6,1.196,-9999,-9999
"VALSS50-4","Tyler Rea, Ben Paulsen","9/5/2019","12:21","Unknown","Light rain, high 12 C, low 11 C","no flags - used coordinates; Sb, La, and Pj- transition to lowland Sb; unburnt",20,42.4,2.758,10.5,1.86,"42.2","2.734",8.9,1.819,6.6,1.752,-9999,-9999
"VALSS50-4","Tyler Rea, Ben Paulsen","9/5/2019","12:21","Unknown","Light rain, high 12 C, low 11 C","no flags - used coordinates; Sb, La, and Pj- transition to lowland Sb; unburnt",20,17.4,2.04,16.8,2.033,"43.8","2.809",10,1.852,5.2,1.701,-9999,-9999
"VALSS50-4","Tyler Rea, Ben Paulsen","9/5/2019","12:21","Unknown","Light rain, high 12 C, low 11 C","no flags - used coordinates; Sb, La, and Pj- transition to lowland Sb; unburnt",20,32.4,2.44,16.5,2.029,"46.9","2.935",11,1.879,5.3,1.704,-9999,-9999
"VALSS50-4","Tyler Rea, Ben Paulsen","9/5/2019","12:21","Unknown","Light rain, high 12 C, low 11 C","no flags - used coordinates; Sb, La, and Pj- transition to lowland Sb; unburnt",20,17.1,2.034,8.7,1.807,"44.9","2.856",11.4,1.895,6.5,1.742,-9999,-9999
"VALSS50-4","Tyler Rea, Ben Paulsen","9/5/2019","12:21","Unknown","Light rain, high 12 C, low 11 C","no flags - used coordinates; Sb, La, and Pj- transition to lowland Sb; unburnt",20,30.6,2.389,15.3,1.987,"45.5","2.877",4.6,1.693,5.4,1.71,-9999,-9999
